"(1, 28, 0)","[0, 0.0]"
"(5, 4, 0)","[1, 0.0]"
"(5, 3, 0)","[2, 0.0]"
"(4, 3, 0)","[1, 0.0]"
"(3, 3, 0)","[2, 0.0]"
"(2, 3, 0)","[3, 0.0]"
"(1, 3, 0)","[4, 0.0]"
"(2, 2, 0)","[4, 0.0]"
"(1, 2, 0)","[5, 0.0]"
"(1, 1, 0)","[6, 0.0]"
"(0, 1, 0)","[7, -1.0]"
"(3, 4, 0)","[1, 0.0]"
"(2, 4, 0)","[2, 0.0]"
"(3, 2, 0)","[3, 0.0]"
"(3, 1, 0)","[4, 0.0]"
"(3, 0, 0)","[5, -1.0]"
"(4, 4, 0)","[2, 0.0]"
"(4, 5, 0)","[1, 0.0]"
"(4, 6, 0)","[2, 0.0]"
"(3, 6, 0)","[3, 0.0]"
"(2, 6, 0)","[4, 0.0]"
"(2, 5, 0)","[3, 0.0]"
"(1, 5, 0)","[4, 0.0]"
"(0, 5, 0)","[5, -1.0]"
"(5, 5, 0)","[2, 0.0]"
"(5, 6, 0)","[3, 0.0]"
"(3, 5, 0)","[2, 0.0]"
"(1, 4, 0)","[3, 0.0]"
"(6, 3, 0)","[3, 0.0]"
"(1, 6, 0)","[5, 0.0]"
"(1, 7, 0)","[6, -1.0]"
"(6, 2, 0)","[4, 0.0]"
"(6, 1, 0)","[5, 0.0]"
"(6, 0, 0)","[6, -1.0]"
"(6, 4, 0)","[2, 0.0]"
"(7, 4, 0)","[3, 0.0]"
"(7, 5, 0)","[4, 0.0]"
"(8, 5, 0)","[5, 0.0]"
"(8, 6, 0)","[6, 0.0]"
"(8, 7, 0)","[7, -1.0]"
"(0, 4, 0)","[4, -1.0]"
"(5, 2, 0)","[3, 0.0]"
"(4, 2, 0)","[2, 0.0]"
"(5, 1, 0)","[4, 0.0]"
"(7, 2, 0)","[5, -1.0]"
"(7, 3, 0)","[4, -1.0]"
"(4, 7, 0)","[3, 0.0]"
"(4, 8, 0)","[4, 0.0]"
"(4, 9, 0)","[5, 0.0]"
"(4, 10, 0)","[6, 0.0]"
"(5, 10, 0)","[7, 0.0]"
"(5, 9, 0)","[6, 0.0]"
"(3, 8, 0)","[5, 0.0]"
"(5, 8, 0)","[5, 0.0]"
"(5, 7, 0)","[4, -1.0]"
"(6, 5, 0)","[3, 0.0]"
"(6, 6, 0)","[4, 0.0]"
"(7, 6, 0)","[5, 0.0]"
"(5, 0, 0)","[5, -1.0]"
"(9, 6, 0)","[7, 0.0]"
"(10, 6, 0)","[8, 0.0]"
"(10, 5, 0)","[7, 0.0]"
"(11, 6, 0)","[9, 0.0]"
"(12, 6, 0)","[10, 0.0]"
"(12, 7, 0)","[11, -1.0]"
"(7, 7, 0)","[6, -1.0]"
"(10, 7, 0)","[9, 0.0]"
"(9, 7, 0)","[8, 0.0]"
"(9, 5, 0)","[6, 0.0]"
"(8, 4, 0)","[4, 0.0]"
"(9, 4, 0)","[5, 0.0]"
"(9, 3, 0)","[6, 0.0]"
"(8, 3, 0)","[5, 0.0]"
"(6, 7, 0)","[5, -1.0]"
"(2, 1, 0)","[5, 0.0]"
"(0, 3, 0)","[5, -1.0]"
"(4, 1, 0)","[3, 0.0]"
"(3, 7, 0)","[4, 0.0]"
"(3, 9, 0)","[6, 0.0]"
"(6, 9, 0)","[7, 0.0]"
"(6, 10, 0)","[8, 0.0]"
"(7, 10, 0)","[9, 0.0]"
"(8, 10, 0)","[10, 0.0]"
"(7, 11, 0)","[10, 0.0]"
"(7, 12, 0)","[11, 0.0]"
"(6, 12, 0)","[10, 0.0]"
"(8, 11, 0)","[11, 0.0]"
"(8, 12, 0)","[12, 0.0]"
"(9, 10, 0)","[11, 0.0]"
"(8, 9, 0)","[9, 0.0]"
"(8, 8, 0)","[8, 0.0]"
"(2, 7, 0)","[5, -1.0]"
"(10, 4, 0)","[6, 0.0]"
"(10, 8, 0)","[10, 0.0]"
"(9, 8, 0)","[9, 0.0]"
"(9, 9, 0)","[10, 0.0]"
"(10, 9, 0)","[11, 0.0]"
"(10, 10, 0)","[12, 0.0]"
"(11, 10, 0)","[13, 0.0]"
"(12, 10, 0)","[14, 0.0]"
"(12, 9, 0)","[13, 0.0]"
"(13, 9, 0)","[14, 0.0]"
"(12, 8, 0)","[12, 0.0]"
"(0, 2, 0)","[6, -1.0]"
"(2, 0, 0)","[6, -1.0]"
"(1, 0, 0)","[7, -1.0]"
"(10, 3, 0)","[7, 0.0]"
"(11, 3, 0)","[8, 0.0]"
"(12, 3, 0)","[9, 0.0]"
"(12, 4, 0)","[8, 0.0]"
"(11, 4, 0)","[7, 0.0]"
"(11, 5, 0)","[8, 0.0]"
"(13, 3, 0)","[10, 0.0]"
"(13, 4, 0)","[9, 0.0]"
"(13, 5, 0)","[10, 0.0]"
"(13, 6, 0)","[11, 0.0]"
"(12, 5, 0)","[9, 0.0]"
"(14, 6, 0)","[12, -1.0]"
"(4, 0, 0)","[4, -1.0]"
"(9, 12, 0)","[13, 0.0]"
"(9, 11, 0)","[12, 0.0]"
"(11, 11, 0)","[14, 0.0]"
"(11, 12, 0)","[15, 0.0]"
"(11, 13, 0)","[16, 0.0]"
"(10, 13, 0)","[15, 0.0]"
"(10, 12, 0)","[14, 0.0]"
"(9, 13, 0)","[14, 0.0]"
"(12, 12, 0)","[16, 0.0]"
"(13, 12, 0)","[17, 0.0]"
"(12, 13, 0)","[19, 0.0]"
"(12, 14, 0)","[18, 0.0]"
"(12, 15, 0)","[21, 0.0]"
"(13, 15, 0)","[22, -1.0]"
"(10, 2, 0)","[8, 0.0]"
"(11, 2, 0)","[9, 0.0]"
"(11, 1, 0)","[10, 0.0]"
"(12, 1, 0)","[11, 0.0]"
"(10, 1, 0)","[9, 0.0]"
"(10, 0, 0)","[10, -1.0]"
"(3, 10, 0)","[7, 0.0]"
"(3, 11, 0)","[8, 0.0]"
"(2, 11, 0)","[9, 0.0]"
"(2, 10, 0)","[8, 0.0]"
"(4, 11, 0)","[7, 0.0]"
"(5, 11, 0)","[8, 0.0]"
"(6, 11, 0)","[9, 0.0]"
"(7, 9, 0)","[8, 0.0]"
"(7, 8, 0)","[7, 0.0]"
"(2, 8, 0)","[6, 0.0]"
"(10, 11, 0)","[13, 0.0]"
"(11, 7, 0)","[10, 0.0]"
"(14, 5, 0)","[11, 0.0]"
"(11, 8, 0)","[11, 0.0]"
"(11, 9, 0)","[12, 0.0]"
"(7, 1, 0)","[6, -1.0]"
"(9, 2, 0)","[7, 0.0]"
"(8, 2, 0)","[6, 0.0]"
"(0, 6, 0)","[6, -1.0]"
"(6, 8, 0)","[6, 0.0]"
"(10, 14, 0)","[16, 0.0]"
"(11, 14, 0)","[17, 0.0]"
"(11, 15, 0)","[18, 0.0]"
"(12, 11, 0)","[15, 0.0]"
"(13, 11, 0)","[16, 0.0]"
"(14, 11, 0)","[17, -1.0]"
"(9, 1, 0)","[8, 0.0]"
"(13, 13, 0)","[20, 0.0]"
"(13, 10, 0)","[15, 0.0]"
"(9, 14, 0)","[15, 0.0]"
"(9, 15, 0)","[16, -1.0]"
"(2, 9, 0)","[7, 0.0]"
"(3, 12, 0)","[9, 0.0]"
"(3, 13, 0)","[10, 0.0]"
"(4, 13, 0)","[9, 0.0]"
"(4, 14, 0)","[12, 0.0]"
"(3, 14, 0)","[11, 0.0]"
"(2, 14, 0)","[12, 0.0]"
"(1, 14, 0)","[13, 0.0]"
"(1, 13, 0)","[12, 0.0]"
"(1, 12, 0)","[11, 0.0]"
"(2, 12, 0)","[10, 0.0]"
"(2, 13, 0)","[11, 0.0]"
"(1, 11, 0)","[10, 0.0]"
"(4, 12, 0)","[8, 0.0]"
"(1, 9, 0)","[8, 0.0]"
"(1, 10, 0)","[9, 0.0]"
"(0, 10, 0)","[10, -1.0]"
"(10, 15, 0)","[19, 0.0]"
"(10, 16, 0)","[20, 0.0]"
"(11, 16, 0)","[21, 0.0]"
"(12, 16, 0)","[22, 0.0]"
"(13, 14, 0)","[21, 0.0]"
"(1, 8, 0)","[7, 0.0]"
"(0, 9, 0)","[9, -1.0]"
"(13, 7, 0)","[12, -1.0]"
"(13, 2, 0)","[11, 0.0]"
"(14, 3, 0)","[11, -1.0]"
"(12, 17, 0)","[23, 0.0]"
"(14, 12, 0)","[18, -1.0]"
"(2, 15, 0)","[13, -1.0]"
"(14, 9, 0)","[15, -1.0]"
"(0, 14, 0)","[14, -1.0]"
"(5, 12, 0)","[9, 0.0]"
"(0, 13, 0)","[13, -1.0]"
"(12, 2, 0)","[10, 0.0]"
"(13, 1, 0)","[12, 0.0]"
"(9, 0, 0)","[9, -1.0]"
"(3, 15, 0)","[12, -1.0]"
"(0, 8, 0)","[8, -1.0]"
"(14, 4, 0)","[12, 0.0]"
"(15, 5, 0)","[12, 0.0]"
"(16, 5, 0)","[13, 0.0]"
"(15, 4, 0)","[13, 0.0]"
"(15, 6, 0)","[13, 0.0]"
"(16, 6, 0)","[16, 0.0]"
"(0, 12, 0)","[12, -1.0]"
"(14, 10, 0)","[18, -1.0]"
"(8, 13, 0)","[13, 0.0]"
"(8, 14, 0)","[14, 0.0]"
"(13, 8, 0)","[13, 0.0]"
"(14, 8, 0)","[14, -1.0]"
"(7, 13, 0)","[12, 0.0]"
"(6, 13, 0)","[11, 0.0]"
"(8, 15, 0)","[15, -1.0]"
"(8, 1, 0)","[7, 0.0]"
"(7, 14, 0)","[13, 0.0]"
"(6, 14, 0)","[12, 0.0]"
"(6, 15, 0)","[13, -1.0]"
"(12, 0, 0)","[12, -1.0]"
"(5, 13, 0)","[10, 0.0]"
"(1, 15, 0)","[14, -1.0]"
"(4, 15, 0)","[13, -1.0]"
"(17, 5, 0)","[14, 0.0]"
"(18, 5, 0)","[17, 0.0]"
"(16, 4, 0)","[14, 0.0]"
"(17, 4, 0)","[15, 0.0]"
"(18, 4, 0)","[18, 0.0]"
"(19, 4, 0)","[21, 0.0]"
"(18, 3, 0)","[17, 0.0]"
"(19, 3, 0)","[20, 0.0]"
"(20, 3, 0)","[21, 0.0]"
"(21, 3, 0)","[22, 0.0]"
"(22, 3, 0)","[23, 0.0]"
"(21, 2, 0)","[23, 0.0]"
"(22, 2, 0)","[24, 0.0]"
"(21, 1, 0)","[24, 0.0]"
"(22, 4, 0)","[24, 0.0]"
"(21, 4, 0)","[23, 0.0]"
"(20, 4, 0)","[22, 0.0]"
"(20, 5, 0)","[23, 0.0]"
"(19, 5, 0)","[22, 0.0]"
"(19, 6, 0)","[21, 0.0]"
"(20, 6, 0)","[22, 0.0]"
"(19, 7, 0)","[22, -1.0]"
"(22, 1, 0)","[25, 0.0]"
"(23, 2, 0)","[29, -1.0]"
"(23, 4, 0)","[27, 0.0]"
"(24, 4, 0)","[32, 0.0]"
"(24, 3, 0)","[33, 0.0]"
"(24, 2, 0)","[34, 0.0]"
"(24, 1, 0)","[35, 0.0]"
"(24, 0, 0)","[36, -1.0]"
"(14, 1, 0)","[13, -1.0]"
"(8, 0, 0)","[8, -1.0]"
"(14, 2, 0)","[12, -1.0]"
"(18, 6, 0)","[20, 0.0]"
"(17, 6, 0)","[17, 0.0]"
"(16, 3, 0)","[15, 0.0]"
"(16, 2, 0)","[20, 0.0]"
"(15, 2, 0)","[15, 0.0]"
"(15, 1, 0)","[16, 0.0]"
"(16, 1, 0)","[21, 0.0]"
"(15, 0, 0)","[19, -1.0]"
"(5, 14, 0)","[11, 0.0]"
"(11, 17, 0)","[22, 0.0]"
"(11, 18, 0)","[23, 0.0]"
"(12, 18, 0)","[24, 0.0]"
"(12, 19, 0)","[25, 0.0]"
"(13, 18, 0)","[25, 0.0]"
"(13, 17, 0)","[24, 0.0]"
"(14, 18, 0)","[26, 0.0]"
"(15, 18, 0)","[27, 0.0]"
"(15, 17, 0)","[28, 0.0]"
"(16, 17, 0)","[31, 0.0]"
"(16, 18, 0)","[32, 0.0]"
"(17, 18, 0)","[33, 0.0]"
"(18, 18, 0)","[34, 0.0]"
"(19, 18, 0)","[35, 0.0]"
"(20, 18, 0)","[38, 0.0]"
"(20, 17, 0)","[39, 0.0]"
"(20, 16, 0)","[42, 0.0]"
"(20, 15, 0)","[43, -1.0]"
"(11, 0, 0)","[11, -1.0]"
"(20, 7, 0)","[23, -1.0]"
"(7, 15, 0)","[14, -1.0]"
"(9, 16, 0)","[21, 0.0]"
"(8, 16, 0)","[22, 0.0]"
"(7, 16, 0)","[23, 0.0]"
"(19, 17, 0)","[38, 0.0]"
"(18, 17, 0)","[33, -1.0]"
"(14, 13, 0)","[21, -1.0]"
"(17, 7, 0)","[22, -1.0]"
"(0, 11, 0)","[11, -1.0]"
"(21, 0, 0)","[29, -1.0]"
"(18, 7, 0)","[21, -1.0]"
"(14, 14, 0)","[22, -1.0]"
"(22, 0, 0)","[26, -1.0]"
"(5, 15, 0)","[12, -1.0]"
"(13, 19, 0)","[26, 0.0]"
"(13, 20, 0)","[27, 0.0]"
"(14, 20, 0)","[28, 0.0]"
"(12, 20, 0)","[26, 0.0]"
"(14, 19, 0)","[29, 0.0]"
"(11, 19, 0)","[24, 0.0]"
"(10, 19, 0)","[23, 0.0]"
"(10, 18, 0)","[22, 0.0]"
"(9, 19, 0)","[24, 0.0]"
"(9, 18, 0)","[23, 0.0]"
"(10, 17, 0)","[21, 0.0]"
"(9, 17, 0)","[22, 0.0]"
"(8, 19, 0)","[25, 0.0]"
"(7, 19, 0)","[26, -1.0]"
"(21, 18, 0)","[41, 0.0]"
"(21, 19, 0)","[42, 0.0]"
"(20, 19, 0)","[39, 0.0]"
"(22, 18, 0)","[42, 0.0]"
"(22, 19, 0)","[43, 0.0]"
"(23, 19, 0)","[44, 0.0]"
"(23, 20, 0)","[43, 0.0]"
"(23, 21, 0)","[44, 0.0]"
"(22, 21, 0)","[43, 0.0]"
"(22, 22, 0)","[44, 0.0]"
"(21, 22, 0)","[43, 0.0]"
"(20, 22, 0)","[42, 0.0]"
"(20, 21, 0)","[41, 0.0]"
"(21, 21, 0)","[42, 0.0]"
"(23, 22, 0)","[45, 0.0]"
"(22, 23, 0)","[45, -1.0]"
"(12, 21, 0)","[29, 0.0]"
"(20, 2, 0)","[22, 0.0]"
"(19, 2, 0)","[21, 0.0]"
"(23, 3, 0)","[28, -1.0]"
"(8, 17, 0)","[23, 0.0]"
"(8, 18, 0)","[24, 0.0]"
"(7, 18, 0)","[25, 0.0]"
"(7, 17, 0)","[24, 0.0]"
"(6, 16, 0)","[24, 0.0]"
"(6, 17, 0)","[25, 0.0]"
"(5, 17, 0)","[30, 0.0]"
"(5, 18, 0)","[29, 0.0]"
"(6, 18, 0)","[26, 0.0]"
"(6, 19, 0)","[31, 0.0]"
"(11, 20, 0)","[25, 0.0]"
"(11, 21, 0)","[26, 0.0]"
"(11, 22, 0)","[27, 0.0]"
"(12, 22, 0)","[28, 0.0]"
"(13, 22, 0)","[31, 0.0]"
"(13, 21, 0)","[32, 0.0]"
"(10, 20, 0)","[24, 0.0]"
"(9, 20, 0)","[25, 0.0]"
"(13, 16, 0)","[23, 0.0]"
"(19, 21, 0)","[36, 0.0]"
"(24, 21, 0)","[45, 0.0]"
"(25, 21, 0)","[46, 0.0]"
"(25, 22, 0)","[47, 0.0]"
"(24, 20, 0)","[46, 0.0]"
"(24, 22, 0)","[48, 0.0]"
"(24, 23, 0)","[51, -1.0]"
"(14, 17, 0)","[25, 0.0]"
"(14, 16, 0)","[24, 0.0]"
"(14, 15, 0)","[25, -1.0]"
"(15, 16, 0)","[27, 0.0]"
"(16, 16, 0)","[28, 0.0]"
"(17, 16, 0)","[33, 0.0]"
"(16, 7, 0)","[17, -1.0]"
"(14, 21, 0)","[31, 0.0]"
"(15, 20, 0)","[29, 0.0]"
"(15, 19, 0)","[28, 0.0]"
"(15, 21, 0)","[32, 0.0]"
"(15, 22, 0)","[33, 0.0]"
"(16, 22, 0)","[32, 0.0]"
"(17, 22, 0)","[35, 0.0]"
"(17, 23, 0)","[36, -1.0]"
"(18, 22, 0)","[36, 0.0]"
"(20, 1, 0)","[23, 0.0]"
"(17, 3, 0)","[16, 0.0]"
"(15, 3, 0)","[14, 0.0]"
"(25, 20, 0)","[49, 0.0]"
"(26, 20, 0)","[52, 0.0]"
"(26, 19, 0)","[51, 0.0]"
"(25, 19, 0)","[46, 0.0]"
"(24, 19, 0)","[45, 0.0]"
"(23, 18, 0)","[43, 0.0]"
"(24, 18, 0)","[46, 0.0]"
"(24, 17, 0)","[49, 0.0]"
"(24, 16, 0)","[46, 0.0]"
"(25, 17, 0)","[48, 0.0]"
"(25, 16, 0)","[49, 0.0]"
"(25, 15, 0)","[48, -1.0]"
"(19, 20, 0)","[35, 0.0]"
"(18, 20, 0)","[34, 0.0]"
"(18, 21, 0)","[35, -1.0]"
"(17, 17, 0)","[32, 0.0]"
"(10, 21, 0)","[27, 0.0]"
"(11, 23, 0)","[30, 0.0]"
"(12, 23, 0)","[31, -1.0]"
"(16, 15, 0)","[29, -1.0]"
"(20, 0, 0)","[24, -1.0]"
"(16, 0, 0)","[22, -1.0]"
"(9, 21, 0)","[28, 0.0]"
"(9, 22, 0)","[31, 0.0]"
"(10, 22, 0)","[30, 0.0]"
"(10, 23, 0)","[31, 0.0]"
"(10, 24, 0)","[32, 0.0]"
"(20, 23, 0)","[43, 0.0]"
"(20, 24, 0)","[44, 0.0]"
"(21, 24, 0)","[47, 0.0]"
"(22, 24, 0)","[50, 0.0]"
"(21, 25, 0)","[50, 0.0]"
"(22, 25, 0)","[51, 0.0]"
"(23, 25, 0)","[52, 0.0]"
"(23, 24, 0)","[51, 0.0]"
"(23, 26, 0)","[53, 0.0]"
"(24, 26, 0)","[54, 0.0]"
"(24, 27, 0)","[53, 0.0]"
"(24, 28, 0)","[56, 0.0]"
"(24, 29, 0)","[61, 0.0]"
"(25, 29, 0)","[62, 0.0]"
"(24, 30, 0)","[60, 0.0]"
"(25, 30, 0)","[61, 0.0]"
"(23, 30, 0)","[59, 0.0]"
"(22, 30, 0)","[54, 0.0]"
"(22, 31, 0)","[55, -1.0]"
"(21, 5, 0)","[24, 0.0]"
"(21, 6, 0)","[23, 0.0]"
"(18, 19, 0)","[33, 0.0]"
"(8, 20, 0)","[26, 0.0]"
"(8, 21, 0)","[31, 0.0]"
"(5, 19, 0)","[32, 0.0]"
"(5, 20, 0)","[33, 0.0]"
"(6, 20, 0)","[32, 0.0]"
"(17, 2, 0)","[17, 0.0]"
"(23, 1, 0)","[28, -1.0]"
"(19, 22, 0)","[41, 0.0]"
"(19, 23, 0)","[42, 0.0]"
"(18, 23, 0)","[39, -1.0]"
"(7, 21, 0)","[32, 0.0]"
"(6, 21, 0)","[33, 0.0]"
"(5, 21, 0)","[34, 0.0]"
"(7, 20, 0)","[29, -1.0]"
"(14, 22, 0)","[32, 0.0]"
"(14, 23, 0)","[33, -1.0]"
"(21, 20, 0)","[41, 0.0]"
"(22, 20, 0)","[42, 0.0]"
"(22, 17, 0)","[43, 0.0]"
"(21, 17, 0)","[42, 0.0]"
"(22, 16, 0)","[44, 0.0]"
"(23, 17, 0)","[44, 0.0]"
"(23, 16, 0)","[45, 0.0]"
"(21, 16, 0)","[43, 0.0]"
"(21, 15, 0)","[44, -1.0]"
"(23, 23, 0)","[46, -1.0]"
"(4, 18, 0)","[30, 0.0]"
"(3, 18, 0)","[31, 0.0]"
"(2, 18, 0)","[32, 0.0]"
"(1, 18, 0)","[33, 0.0]"
"(1, 19, 0)","[36, 0.0]"
"(0, 19, 0)","[37, -1.0]"
"(11, 24, 0)","[31, 0.0]"
"(12, 24, 0)","[32, 0.0]"
"(12, 25, 0)","[33, 0.0]"
"(11, 25, 0)","[32, 0.0]"
"(10, 25, 0)","[33, 0.0]"
"(9, 25, 0)","[34, 0.0]"
"(10, 26, 0)","[34, 0.0]"
"(11, 26, 0)","[33, 0.0]"
"(12, 26, 0)","[34, 0.0]"
"(9, 26, 0)","[35, 0.0]"
"(9, 27, 0)","[40, 0.0]"
"(8, 27, 0)","[37, 0.0]"
"(9, 24, 0)","[33, 0.0]"
"(8, 25, 0)","[35, 0.0]"
"(8, 26, 0)","[36, 0.0]"
"(7, 26, 0)","[39, 0.0]"
"(9, 28, 0)","[41, 0.0]"
"(9, 29, 0)","[42, 0.0]"
"(9, 30, 0)","[43, 0.0]"
"(10, 29, 0)","[41, 0.0]"
"(11, 29, 0)","[42, 0.0]"
"(11, 30, 0)","[43, 0.0]"
"(12, 30, 0)","[44, 0.0]"
"(13, 30, 0)","[45, 0.0]"
"(13, 29, 0)","[44, 0.0]"
"(12, 29, 0)","[43, 0.0]"
"(12, 31, 0)","[45, -1.0]"
"(18, 16, 0)","[34, -1.0]"
"(18, 2, 0)","[18, 0.0]"
"(19, 1, 0)","[22, 0.0]"
"(16, 19, 0)","[29, 0.0]"
"(15, 15, 0)","[32, -1.0]"
"(21, 23, 0)","[44, 0.0]"
"(21, 30, 0)","[53, 0.0]"
"(21, 29, 0)","[52, 0.0]"
"(20, 29, 0)","[53, 0.0]"
"(20, 30, 0)","[54, 0.0]"
"(19, 30, 0)","[55, 0.0]"
"(18, 30, 0)","[54, 0.0]"
"(18, 29, 0)","[53, 0.0]"
"(19, 29, 0)","[54, 0.0]"
"(20, 28, 0)","[52, 0.0]"
"(19, 28, 0)","[53, 0.0]"
"(18, 28, 0)","[54, 0.0]"
"(18, 27, 0)","[53, 0.0]"
"(18, 26, 0)","[52, 0.0]"
"(18, 25, 0)","[47, 0.0]"
"(17, 25, 0)","[52, 0.0]"
"(19, 25, 0)","[44, 0.0]"
"(19, 24, 0)","[43, 0.0]"
"(18, 24, 0)","[44, 0.0]"
"(20, 20, 0)","[38, 0.0]"
"(19, 19, 0)","[36, 0.0]"
"(17, 20, 0)","[31, 0.0]"
"(17, 19, 0)","[32, 0.0]"
"(16, 20, 0)","[30, 0.0]"
"(16, 21, 0)","[31, 0.0]"
"(22, 26, 0)","[52, 0.0]"
"(27, 20, 0)","[53, 0.0]"
"(27, 19, 0)","[52, 0.0]"
"(27, 21, 0)","[52, 0.0]"
"(28, 21, 0)","[55, 0.0]"
"(28, 22, 0)","[54, 0.0]"
"(29, 22, 0)","[57, -1.0]"
"(22, 5, 0)","[25, 0.0]"
"(22, 6, 0)","[24, 0.0]"
"(21, 7, 0)","[26, -1.0]"
"(4, 17, 0)","[31, 0.0]"
"(5, 16, 0)","[29, 0.0]"
"(9, 23, 0)","[32, -1.0]"
"(17, 21, 0)","[34, 0.0]"
"(26, 17, 0)","[51, 0.0]"
"(26, 18, 0)","[50, 0.0]"
"(27, 18, 0)","[51, 0.0]"
"(25, 18, 0)","[47, 0.0]"
"(26, 21, 0)","[51, 0.0]"
"(26, 22, 0)","[52, 0.0]"
"(27, 22, 0)","[53, 0.0]"
"(27, 23, 0)","[54, -1.0]"
"(23, 15, 0)","[48, -1.0]"
"(8, 22, 0)","[32, 0.0]"
"(7, 22, 0)","[33, 0.0]"
"(7, 23, 0)","[34, -1.0]"
"(22, 7, 0)","[27, -1.0]"
"(22, 27, 0)","[51, 0.0]"
"(23, 27, 0)","[52, 0.0]"
"(23, 28, 0)","[53, 0.0]"
"(23, 29, 0)","[58, 0.0]"
"(25, 28, 0)","[57, 0.0]"
"(26, 28, 0)","[58, 0.0]"
"(27, 28, 0)","[61, 0.0]"
"(27, 29, 0)","[62, 0.0]"
"(26, 29, 0)","[59, 0.0]"
"(25, 31, 0)","[62, -1.0]"
"(22, 15, 0)","[45, -1.0]"
"(28, 19, 0)","[53, 0.0]"
"(19, 16, 0)","[41, 0.0]"
"(23, 5, 0)","[26, 0.0]"
"(24, 5, 0)","[31, 0.0]"
"(25, 5, 0)","[32, 0.0]"
"(26, 5, 0)","[33, 0.0]"
"(27, 5, 0)","[36, 0.0]"
"(27, 4, 0)","[35, 0.0]"
"(27, 3, 0)","[38, 0.0]"
"(28, 3, 0)","[41, 0.0]"
"(28, 2, 0)","[42, 0.0]"
"(29, 2, 0)","[43, -1.0]"
"(28, 20, 0)","[54, 0.0]"
"(29, 20, 0)","[57, -1.0]"
"(21, 28, 0)","[51, 0.0]"
"(19, 27, 0)","[48, 0.0]"
"(20, 27, 0)","[49, 0.0]"
"(20, 31, 0)","[55, -1.0]"
"(10, 27, 0)","[37, 0.0]"
"(11, 27, 0)","[36, 0.0]"
"(11, 28, 0)","[39, 0.0]"
"(12, 28, 0)","[42, 0.0]"
"(10, 30, 0)","[42, 0.0]"
"(10, 31, 0)","[45, -1.0]"
"(27, 17, 0)","[52, 0.0]"
"(27, 16, 0)","[51, 0.0]"
"(28, 16, 0)","[52, 0.0]"
"(29, 16, 0)","[53, -1.0]"
"(18, 1, 0)","[21, 0.0]"
"(19, 0, 0)","[25, -1.0]"
"(18, 0, 0)","[24, -1.0]"
"(14, 29, 0)","[45, 0.0]"
"(15, 29, 0)","[50, 0.0]"
"(15, 30, 0)","[49, 0.0]"
"(16, 30, 0)","[52, 0.0]"
"(17, 30, 0)","[53, 0.0]"
"(16, 29, 0)","[51, 0.0]"
"(17, 29, 0)","[52, 0.0]"
"(17, 28, 0)","[55, 0.0]"
"(16, 28, 0)","[52, 0.0]"
"(16, 27, 0)","[53, 0.0]"
"(15, 31, 0)","[52, -1.0]"
"(24, 15, 0)","[49, -1.0]"
"(15, 23, 0)","[34, -1.0]"
"(8, 24, 0)","[34, 0.0]"
"(7, 25, 0)","[38, 0.0]"
"(7, 27, 0)","[42, 0.0]"
"(7, 28, 0)","[43, 0.0]"
"(6, 28, 0)","[42, 0.0]"
"(6, 27, 0)","[41, 0.0]"
"(6, 26, 0)","[40, 0.0]"
"(6, 29, 0)","[43, 0.0]"
"(6, 30, 0)","[46, 0.0]"
"(7, 30, 0)","[45, 0.0]"
"(7, 29, 0)","[44, 0.0]"
"(5, 29, 0)","[44, 0.0]"
"(5, 28, 0)","[43, 0.0]"
"(4, 28, 0)","[44, 0.0]"
"(4, 29, 0)","[51, 0.0]"
"(4, 30, 0)","[50, 0.0]"
"(4, 31, 0)","[51, -1.0]"
"(24, 25, 0)","[53, 0.0]"
"(25, 26, 0)","[55, 0.0]"
"(25, 27, 0)","[54, 0.0]"
"(26, 26, 0)","[56, 0.0]"
"(27, 26, 0)","[57, 0.0]"
"(28, 26, 0)","[58, 0.0]"
"(29, 26, 0)","[61, -1.0]"
"(5, 27, 0)","[42, 0.0]"
"(6, 25, 0)","[41, 0.0]"
"(6, 24, 0)","[42, 0.0]"
"(5, 26, 0)","[41, 0.0]"
"(5, 30, 0)","[49, 0.0]"
"(8, 29, 0)","[43, 0.0]"
"(8, 30, 0)","[44, 0.0]"
"(8, 28, 0)","[42, 0.0]"
"(12, 27, 0)","[37, 0.0]"
"(10, 28, 0)","[40, 0.0]"
"(7, 31, 0)","[46, -1.0]"
"(29, 21, 0)","[56, -1.0]"
"(4, 27, 0)","[43, 0.0]"
"(4, 26, 0)","[42, 0.0]"
"(3, 26, 0)","[45, 0.0]"
"(2, 26, 0)","[46, 0.0]"
"(2, 25, 0)","[45, 0.0]"
"(1, 25, 0)","[48, 0.0]"
"(3, 25, 0)","[44, 0.0]"
"(1, 26, 0)","[49, 0.0]"
"(1, 24, 0)","[49, 0.0]"
"(2, 24, 0)","[44, 0.0]"
"(2, 23, 0)","[39, -1.0]"
"(9, 31, 0)","[44, -1.0]"
"(4, 20, 0)","[32, 0.0]"
"(4, 21, 0)","[35, 0.0]"
"(4, 22, 0)","[36, 0.0]"
"(3, 22, 0)","[37, 0.0]"
"(2, 22, 0)","[38, 0.0]"
"(1, 22, 0)","[37, 0.0]"
"(1, 21, 0)","[36, 0.0]"
"(1, 20, 0)","[35, 0.0]"
"(3, 29, 0)","[52, 0.0]"
"(2, 29, 0)","[51, 0.0]"
"(1, 29, 0)","[52, 0.0]"
"(1, 30, 0)","[53, 0.0]"
"(0, 29, 0)","[53, -1.0]"
"(26, 23, 0)","[53, -1.0]"
"(16, 23, 0)","[35, -1.0]"
"(20, 25, 0)","[45, 0.0]"
"(20, 26, 0)","[52, 0.0]"
"(19, 26, 0)","[47, 0.0]"
"(21, 26, 0)","[51, 0.0]"
"(21, 27, 0)","[50, 0.0]"
"(17, 27, 0)","[54, 0.0]"
"(17, 26, 0)","[53, 0.0]"
"(16, 26, 0)","[54, 0.0]"
"(16, 25, 0)","[53, 0.0]"
"(17, 24, 0)","[47, 0.0]"
"(16, 24, 0)","[48, 0.0]"
"(22, 29, 0)","[53, 0.0]"
"(22, 28, 1)","[52, 1.0]"
"(22, 27, 1)","[53, 1.0]"
"(22, 26, 1)","[54, 1.0]"
"(23, 26, 1)","[55, 1.0]"
"(23, 25, 1)","[56, 1.0]"
"(22, 25, 1)","[57, 1.0]"
"(21, 25, 1)","[58, 1.0]"
"(21, 26, 1)","[57, 1.0]"
"(23, 27, 1)","[54, 1.0]"
"(23, 28, 1)","[53, 1.0]"
"(24, 27, 1)","[57, 1.0]"
"(24, 26, 1)","[62, 1.0]"
"(25, 26, 1)","[61, 1.0]"
"(22, 29, 1)","[53, 1.0]"
"(21, 29, 1)","[54, 1.0]"
"(21, 30, 1)","[55, 1.0]"
"(22, 30, 1)","[56, 1.0]"
"(21, 31, 1)","[56, 0.0]"
"(24, 6, 0)","[32, 0.0]"
"(25, 6, 0)","[33, 0.0]"
"(23, 6, 0)","[31, 0.0]"
"(26, 6, 0)","[34, 0.0]"
"(26, 4, 0)","[34, 0.0]"
"(26, 3, 0)","[35, 0.0]"
"(23, 7, 0)","[32, -1.0]"
"(5, 31, 0)","[50, -1.0]"
"(24, 25, 1)","[57, 1.0]"
"(21, 27, 1)","[54, 1.0]"
"(21, 28, 1)","[53, 1.0]"
"(20, 28, 1)","[54, 1.0]"
"(20, 29, 1)","[55, 1.0]"
"(22, 31, 1)","[57, 0.0]"
"(2, 21, 0)","[35, 0.0]"
"(3, 21, 0)","[34, 0.0]"
"(15, 25, 0)","[54, 0.0]"
"(15, 26, 0)","[55, 0.0]"
"(14, 26, 0)","[40, -1.0]"
"(17, 1, 0)","[20, 0.0]"
"(17, 0, 0)","[21, -1.0]"
"(19, 15, 0)","[44, -1.0]"
"(13, 23, 0)","[32, -1.0]"
"(27, 6, 0)","[37, 0.0]"
"(28, 5, 0)","[39, 0.0]"
"(28, 6, 0)","[38, 0.0]"
"(29, 5, 0)","[40, -1.0]"
"(8, 23, 0)","[33, -1.0]"
"(13, 24, 0)","[33, 0.0]"
"(14, 24, 0)","[36, -1.0]"
"(15, 7, 0)","[16, -1.0]"
"(25, 4, 0)","[33, 0.0]"
"(3, 27, 0)","[46, 0.0]"
"(3, 28, 0)","[49, 0.0]"
"(2, 28, 0)","[48, 0.0]"
"(1, 27, 0)","[52, 0.0]"
"(2, 27, 0)","[47, 0.0]"
"(0, 26, 0)","[52, -1.0]"
"(13, 0, 0)","[13, -1.0]"
"(23, 29, 1)","[54, 1.0]"
"(23, 30, 1)","[55, 1.0]"
"(19, 29, 1)","[58, 1.0]"
"(18, 29, 1)","[61, 1.0]"
"(17, 29, 1)","[62, 1.0]"
"(16, 29, 1)","[63, 1.0]"
"(15, 29, 1)","[66, 1.0]"
"(15, 30, 1)","[67, 1.0]"
"(16, 30, 1)","[64, 1.0]"
"(16, 31, 1)","[69, 0.0]"
"(16, 31, 0)","[53, -1.0]"
"(15, 24, 0)","[53, 0.0]"
"(20, 27, 1)","[55, 1.0]"
"(24, 28, 1)","[58, 1.0]"
"(20, 26, 1)","[56, 1.0]"
"(19, 26, 1)","[59, 1.0]"
"(19, 25, 1)","[60, 1.0]"
"(18, 25, 1)","[61, 1.0]"
"(20, 25, 1)","[61, 1.0]"
"(18, 26, 1)","[62, 1.0]"
"(19, 27, 1)","[56, 1.0]"
"(18, 27, 1)","[61, 1.0]"
"(17, 26, 1)","[63, 1.0]"
"(16, 26, 1)","[64, 1.0]"
"(15, 26, 1)","[65, 1.0]"
"(15, 27, 1)","[66, 1.0]"
"(16, 27, 1)","[63, 1.0]"
"(17, 27, 1)","[62, 1.0]"
"(18, 28, 1)","[62, 1.0]"
"(17, 28, 1)","[63, 1.0]"
"(14, 27, 1)","[69, 0.0]"
"(0, 28, 0)","[52, -1.0]"
"(15, 27, 0)","[52, 0.0]"
"(8, 31, 0)","[47, -1.0]"
"(28, 18, 0)","[52, 0.0]"
"(29, 19, 0)","[54, -1.0]"
"(6, 22, 0)","[34, 0.0]"
"(5, 22, 0)","[37, 0.0]"
"(5, 23, 0)","[38, -1.0]"
"(24, 29, 1)","[57, 1.0]"
"(23, 31, 1)","[62, 0.0]"
"(6, 23, 0)","[35, -1.0]"
"(7, 24, 0)","[35, -1.0]"
"(23, 24, 1)","[61, 1.0]"
"(24, 24, 1)","[62, 1.0]"
"(24, 23, 1)","[63, 0.0]"
"(14, 30, 0)","[48, 0.0]"
"(13, 28, 0)","[43, 0.0]"
"(14, 28, 0)","[44, -1.0]"
"(0, 27, 0)","[53, -1.0]"
"(14, 27, 0)","[43, -1.0]"
"(24, 31, 0)","[61, -1.0]"
"(14, 31, 0)","[49, -1.0]"
"(20, 30, 1)","[58, 1.0]"
"(20, 31, 1)","[61, 0.0]"
"(1, 31, 0)","[58, -1.0]"
"(24, 24, 0)","[52, 0.0]"
"(4, 25, 0)","[43, 0.0]"
"(3, 24, 0)","[43, 0.0]"
"(4, 24, 0)","[42, 0.0]"
"(4, 23, 0)","[41, 0.0]"
"(13, 26, 0)","[39, 0.0]"
"(5, 25, 0)","[42, 0.0]"
"(5, 24, 0)","[43, 0.0]"
"(19, 31, 0)","[56, -1.0]"
"(15, 28, 1)","[65, 1.0]"
"(14, 28, 1)","[68, 0.0]"
"(26, 16, 0)","[50, 0.0]"
"(18, 31, 0)","[57, -1.0]"
"(2, 19, 0)","[33, 0.0]"
"(2, 17, 0)","[33, 0.0]"
"(2, 16, 0)","[34, 0.0]"
"(1, 16, 0)","[35, 0.0]"
"(3, 16, 0)","[33, 0.0]"
"(3, 17, 0)","[32, 0.0]"
"(1, 17, 0)","[34, 0.0]"
"(0, 17, 0)","[37, -1.0]"
"(22, 24, 1)","[58, 1.0]"
"(22, 23, 1)","[61, 0.0]"
"(25, 29, 1)","[62, 1.0]"
"(25, 30, 1)","[63, 1.0]"
"(24, 30, 1)","[58, 1.0]"
"(26, 30, 1)","[62, 1.0]"
"(27, 30, 1)","[63, 1.0]"
"(27, 31, 1)","[64, 0.0]"
"(25, 23, 0)","[48, -1.0]"
"(14, 25, 0)","[35, -1.0]"
"(3, 30, 0)","[51, 0.0]"
"(28, 17, 0)","[53, 0.0]"
"(4, 16, 0)","[32, 0.0]"
"(6, 31, 0)","[47, -1.0]"
"(11, 31, 0)","[46, -1.0]"
"(19, 30, 1)","[59, 1.0]"
"(19, 31, 1)","[62, 0.0]"
"(25, 27, 1)","[58, 1.0]"
"(26, 27, 1)","[61, 1.0]"
"(26, 26, 1)","[62, 1.0]"
"(27, 26, 1)","[63, 1.0]"
"(27, 25, 1)","[62, 1.0]"
"(28, 25, 1)","[63, 1.0]"
"(28, 26, 1)","[64, 1.0]"
"(28, 24, 1)","[64, 1.0]"
"(27, 24, 1)","[63, 1.0]"
"(29, 26, 1)","[65, 0.0]"
"(4, 19, 0)","[31, 0.0]"
"(3, 20, 0)","[33, 0.0]"
"(21, 31, 0)","[54, -1.0]"
"(16, 28, 1)","[64, 1.0]"
"(19, 28, 1)","[55, 1.0]"
"(1, 23, 0)","[42, -1.0]"
"(2, 30, 0)","[52, 0.0]"
"(20, 24, 1)","[62, 1.0]"
"(20, 23, 1)","[63, 1.0]"
"(21, 23, 1)","[62, 1.0]"
"(3, 19, 0)","[32, 0.0]"
"(28, 4, 0)","[38, 0.0]"
"(29, 4, 0)","[41, -1.0]"
"(16, 25, 1)","[63, 1.0]"
"(17, 25, 1)","[62, 1.0]"
"(19, 24, 1)","[61, 1.0]"
"(19, 23, 1)","[62, 1.0]"
"(18, 23, 1)","[63, 0.0]"
"(0, 22, 0)","[38, -1.0]"
"(29, 3, 0)","[42, -1.0]"
"(2, 20, 0)","[34, 0.0]"
"(26, 27, 0)","[57, 0.0]"
"(3, 23, 0)","[42, 0.0]"
"(15, 28, 0)","[51, 0.0]"
"(24, 31, 1)","[59, 0.0]"
"(18, 24, 1)","[62, 1.0]"
"(19, 22, 1)","[63, 1.0]"
"(20, 22, 1)","[64, 1.0]"
"(18, 22, 1)","[66, 1.0]"
"(17, 22, 1)","[67, 1.0]"
"(16, 22, 1)","[72, 1.0]"
"(16, 23, 1)","[65, 0.0]"
"(25, 28, 1)","[59, 1.0]"
"(25, 24, 1)","[61, 1.0]"
"(25, 23, 1)","[62, 0.0]"
"(21, 24, 1)","[59, 1.0]"
"(17, 24, 1)","[63, 1.0]"
"(17, 23, 1)","[66, 0.0]"
"(18, 30, 1)","[62, 1.0]"
"(21, 22, 1)","[63, 1.0]"
"(20, 21, 1)","[65, 1.0]"
"(21, 21, 1)","[64, 1.0]"
"(19, 21, 1)","[64, 1.0]"
"(18, 21, 1)","[65, 0.0]"
"(29, 24, 1)","[65, 0.0]"
"(15, 25, 1)","[66, 1.0]"
"(14, 25, 1)","[67, 0.0]"
"(0, 20, 0)","[42, -1.0]"
"(23, 23, 1)","[62, 0.0]"
"(18, 31, 1)","[63, 0.0]"
"(13, 27, 0)","[38, 0.0]"
"(13, 31, 0)","[52, -1.0]"
"(29, 17, 0)","[54, -1.0]"
"(25, 3, 0)","[34, 0.0]"
"(3, 31, 0)","[52, -1.0]"
"(27, 15, 0)","[50, -1.0]"
"(19, 20, 1)","[69, 1.0]"
"(20, 20, 1)","[68, 1.0]"
"(20, 19, 1)","[71, 1.0]"
"(20, 18, 1)","[72, 1.0]"
"(21, 18, 1)","[73, 1.0]"
"(21, 19, 1)","[72, 1.0]"
"(21, 20, 1)","[69, 1.0]"
"(22, 20, 1)","[72, 1.0]"
"(22, 19, 1)","[73, 1.0]"
"(22, 18, 1)","[74, 1.0]"
"(21, 17, 1)","[74, 1.0]"
"(21, 16, 1)","[75, 1.0]"
"(20, 17, 1)","[73, 1.0]"
"(22, 17, 1)","[75, 1.0]"
"(22, 16, 1)","[76, 1.0]"
"(23, 17, 1)","[74, 1.0]"
"(24, 17, 1)","[75, 1.0]"
"(25, 17, 1)","[78, 1.0]"
"(25, 18, 1)","[73, 1.0]"
"(24, 18, 1)","[74, 1.0]"
"(24, 16, 1)","[82, 1.0]"
"(25, 16, 1)","[79, 1.0]"
"(25, 15, 1)","[80, 0.0]"
"(26, 15, 0)","[51, -1.0]"
"(29, 6, 0)","[41, -1.0]"
"(26, 28, 1)","[60, 1.0]"
"(26, 29, 1)","[61, 1.0]"
"(25, 25, 1)","[58, 1.0]"
"(26, 25, 1)","[61, 1.0]"
"(26, 24, 1)","[62, 1.0]"
"(16, 24, 1)","[64, 1.0]"
"(15, 24, 1)","[65, 1.0]"
"(15, 23, 1)","[68, 0.0]"
"(0, 21, 0)","[43, -1.0]"
"(19, 18, 1)","[73, 1.0]"
"(23, 18, 1)","[73, 1.0]"
"(23, 19, 1)","[72, 1.0]"
"(24, 19, 1)","[73, 1.0]"
"(24, 20, 1)","[72, 1.0]"
"(24, 21, 1)","[69, 1.0]"
"(23, 21, 1)","[66, 1.0]"
"(23, 22, 1)","[69, 1.0]"
"(24, 22, 1)","[72, 1.0]"
"(22, 15, 1)","[77, 0.0]"
"(22, 21, 1)","[65, 1.0]"
"(25, 21, 1)","[70, 1.0]"
"(25, 20, 1)","[71, 1.0]"
"(26, 20, 1)","[72, 1.0]"
"(23, 20, 1)","[71, 1.0]"
"(22, 22, 1)","[64, 1.0]"
"(29, 25, 1)","[66, 0.0]"
"(15, 31, 1)","[68, 0.0]"
"(14, 26, 1)","[68, 0.0]"
"(13, 25, 0)","[34, 0.0]"
"(28, 7, 0)","[39, 0.0]"
"(26, 21, 1)","[71, 1.0]"
"(26, 22, 1)","[72, 1.0]"
"(26, 23, 1)","[63, 0.0]"
"(27, 7, 0)","[40, 0.0]"
"(26, 7, 0)","[35, 0.0]"
"(29, 7, 0)","[40, -1.0]"
"(25, 19, 1)","[72, 1.0]"
"(23, 16, 1)","[79, 1.0]"
"(23, 15, 1)","[82, 0.0]"
"(27, 27, 1)","[62, 1.0]"
"(27, 28, 1)","[61, 1.0]"
"(28, 27, 1)","[63, 1.0]"
"(2, 31, 0)","[53, -1.0]"
"(28, 15, 0)","[53, -1.0]"
"(28, 28, 1)","[62, 1.0]"
"(25, 31, 1)","[64, 0.0]"
"(27, 2, 0)","[41, 0.0]"
"(26, 2, 0)","[38, 0.0]"
"(28, 1, 0)","[43, 0.0]"
"(25, 24, 0)","[53, 0.0]"
"(25, 25, 0)","[54, 0.0]"
"(26, 31, 1)","[63, 0.0]"
"(0, 24, 0)","[52, -1.0]"
"(19, 19, 1)","[72, 1.0]"
"(25, 2, 0)","[35, 0.0]"
"(27, 29, 1)","[62, 1.0]"
"(28, 29, 1)","[63, 1.0]"
"(29, 29, 1)","[64, 0.0]"
"(27, 23, 1)","[64, 0.0]"
"(19, 17, 1)","[74, 1.0]"
"(18, 17, 1)","[75, 0.0]"
"(26, 30, 0)","[60, 0.0]"
"(24, 15, 1)","[83, 0.0]"
"(17, 31, 0)","[58, -1.0]"
"(25, 22, 1)","[71, 1.0]"
"(26, 19, 1)","[73, 1.0]"
"(26, 18, 1)","[76, 1.0]"
"(27, 18, 1)","[77, 1.0]"
"(27, 19, 1)","[74, 1.0]"
"(27, 20, 1)","[73, 1.0]"
"(28, 20, 1)","[74, 1.0]"
"(28, 21, 1)","[73, 1.0]"
"(28, 19, 1)","[75, 1.0]"
"(28, 18, 1)","[78, 1.0]"
"(29, 18, 1)","[79, 0.0]"
"(27, 21, 1)","[72, 1.0]"
"(27, 22, 1)","[73, 1.0]"
"(25, 7, 0)","[34, 0.0]"
"(25, 8, 0)","[35, 0.0]"
"(24, 8, 0)","[34, 0.0]"
"(24, 9, 0)","[35, 0.0]"
"(24, 10, 0)","[40, 0.0]"
"(25, 10, 0)","[41, 0.0]"
"(25, 9, 0)","[38, 0.0]"
"(23, 8, 0)","[35, 0.0]"
"(23, 9, 0)","[38, 0.0]"
"(26, 10, 0)","[42, 0.0]"
"(27, 10, 0)","[41, 0.0]"
"(27, 11, 0)","[42, 0.0]"
"(28, 11, 0)","[43, 0.0]"
"(29, 11, 0)","[44, -1.0]"
"(17, 30, 1)","[63, 1.0]"
"(14, 29, 1)","[69, 1.0]"
"(14, 30, 1)","[68, 1.0]"
"(14, 31, 1)","[69, 0.0]"
"(13, 30, 1)","[69, 1.0]"
"(13, 29, 1)","[72, 1.0]"
"(27, 17, 1)","[82, 1.0]"
"(28, 17, 1)","[81, 1.0]"
"(28, 16, 1)","[82, 1.0]"
"(28, 15, 1)","[85, 0.0]"
"(26, 17, 1)","[81, 1.0]"
"(27, 16, 1)","[83, 1.0]"
"(29, 27, 1)","[66, 0.0]"
"(27, 27, 0)","[60, 0.0]"
"(27, 25, 0)","[58, 0.0]"
"(26, 25, 0)","[55, 0.0]"
"(28, 25, 0)","[57, 0.0]"
"(28, 27, 0)","[61, 0.0]"
"(29, 27, 0)","[62, -1.0]"
"(29, 20, 1)","[79, 0.0]"
"(29, 19, 1)","[78, 0.0]"
"(29, 18, 0)","[53, -1.0]"
"(20, 16, 1)","[74, 1.0]"
"(20, 15, 1)","[77, 0.0]"
"(23, 31, 0)","[62, -1.0]"
"(17, 15, 0)","[34, -1.0]"
"(26, 24, 0)","[54, 0.0]"
"(26, 16, 1)","[82, 1.0]"
"(29, 17, 1)","[82, 0.0]"
"(27, 15, 1)","[84, 0.0]"
"(27, 24, 0)","[55, 0.0]"
"(28, 24, 0)","[56, 0.0]"
"(29, 25, 0)","[62, -1.0]"
"(0, 25, 0)","[49, -1.0]"
"(27, 30, 0)","[61, 0.0]"
"(26, 31, 0)","[61, -1.0]"
"(28, 29, 0)","[63, 0.0]"
"(28, 28, 0)","[62, 0.0]"
"(21, 15, 1)","[82, 0.0]"
"(28, 22, 1)","[74, 1.0]"
"(29, 22, 1)","[79, 0.0]"
"(14, 24, 1)","[70, 0.0]"
"(19, 16, 1)","[77, 1.0]"
"(0, 16, 0)","[40, -1.0]"
"(28, 23, 1)","[69, 0.0]"
"(0, 18, 0)","[36, -1.0]"
"(18, 20, 1)","[72, 1.0]"
"(29, 16, 1)","[87, 0.0]"
"(26, 15, 1)","[83, 0.0]"
"(18, 19, 1)","[73, 1.0]"
"(17, 19, 1)","[72, 1.0]"
"(17, 18, 1)","[75, 1.0]"
"(17, 17, 1)","[76, 1.0]"
"(18, 18, 1)","[74, 1.0]"
"(0, 30, 0)","[60, -1.0]"
"(28, 30, 1)","[64, 1.0]"
"(29, 30, 1)","[67, 0.0]"
"(29, 28, 1)","[63, 0.0]"
"(26, 8, 0)","[36, 0.0]"
"(26, 9, 0)","[37, 0.0]"
"(27, 9, 0)","[40, 0.0]"
"(28, 9, 0)","[41, 0.0]"
"(28, 10, 0)","[42, 0.0]"
"(28, 12, 0)","[44, 0.0]"
"(27, 12, 0)","[43, 0.0]"
"(29, 12, 0)","[45, -1.0]"
"(25, 1, 0)","[38, 0.0]"
"(25, 0, 0)","[41, -1.0]"
"(26, 1, 0)","[39, 0.0]"
"(29, 1, 0)","[44, -1.0]"
"(19, 15, 1)","[78, 0.0]"
"(27, 1, 0)","[42, 0.0]"
"(26, 0, 0)","[40, -1.0]"
"(27, 0, 0)","[43, -1.0]"
"(17, 20, 1)","[69, 1.0]"
"(17, 21, 1)","[68, 1.0]"
"(25, 11, 0)","[42, 0.0]"
"(26, 11, 0)","[43, 0.0]"
"(24, 11, 0)","[41, 0.0]"
"(24, 7, 0)","[33, 0.0]"
"(25, 12, 0)","[43, 0.0]"
"(26, 12, 0)","[44, 0.0]"
"(26, 13, 0)","[45, 0.0]"
"(25, 13, 0)","[44, 0.0]"
"(26, 14, 0)","[46, 0.0]"
"(25, 14, 0)","[47, 0.0]"
"(24, 13, 0)","[43, 0.0]"
"(24, 12, 0)","[42, 0.0]"
"(24, 14, 0)","[48, 0.0]"
"(23, 11, 0)","[42, 0.0]"
"(23, 12, 0)","[43, 0.0]"
"(22, 12, 0)","[44, 0.0]"
"(22, 13, 0)","[45, 0.0]"
"(22, 14, 0)","[48, 0.0]"
"(21, 14, 0)","[51, 0.0]"
"(20, 14, 0)","[50, 0.0]"
"(19, 14, 0)","[51, 0.0]"
"(28, 30, 0)","[62, 0.0]"
"(27, 31, 0)","[62, -1.0]"
"(17, 31, 1)","[64, 0.0]"
"(22, 9, 0)","[41, 0.0]"
"(21, 9, 0)","[42, 0.0]"
"(21, 10, 0)","[43, 0.0]"
"(20, 10, 0)","[44, 0.0]"
"(20, 11, 0)","[45, 0.0]"
"(19, 11, 0)","[46, 0.0]"
"(20, 12, 0)","[46, 0.0]"
"(21, 11, 0)","[44, 0.0]"
"(22, 11, 0)","[43, 0.0]"
"(22, 10, 0)","[42, 0.0]"
"(21, 12, 0)","[45, 0.0]"
"(20, 9, 0)","[43, 0.0]"
"(19, 10, 0)","[45, 0.0]"
"(19, 9, 0)","[44, 0.0]"
"(23, 10, 0)","[41, 0.0]"
"(13, 31, 1)","[72, 0.0]"
"(29, 21, 1)","[74, 0.0]"
"(29, 24, 0)","[61, -1.0]"
"(23, 14, 0)","[47, 0.0]"
"(27, 8, 0)","[41, 0.0]"
"(28, 8, 0)","[42, 0.0]"
"(29, 8, 0)","[43, -1.0]"
"(23, 13, 0)","[44, 0.0]"
"(29, 10, 0)","[43, -1.0]"
"(22, 8, 0)","[36, 0.0]"
"(21, 8, 0)","[41, 0.0]"
"(20, 8, 0)","[42, 0.0]"
"(18, 11, 0)","[51, 0.0]"
"(17, 11, 0)","[48, 0.0]"
"(16, 11, 0)","[51, 0.0]"
"(16, 10, 0)","[48, 0.0]"
"(15, 10, 0)","[49, 0.0]"
"(15, 11, 0)","[52, 0.0]"
"(15, 12, 0)","[53, 0.0]"
"(27, 13, 0)","[46, 0.0]"
"(27, 14, 0)","[47, 0.0]"
"(28, 14, 0)","[48, 0.0]"
"(28, 13, 0)","[47, 0.0]"
"(19, 12, 0)","[47, 0.0]"
"(18, 12, 0)","[52, 0.0]"
"(18, 10, 0)","[46, 0.0]"
"(17, 10, 0)","[47, 0.0]"
"(17, 9, 0)","[46, 0.0]"
"(16, 18, 1)","[78, 1.0]"
"(16, 19, 1)","[73, 1.0]"
"(28, 23, 0)","[55, -1.0]"
"(28, 0, 0)","[44, -1.0]"
"(21, 13, 0)","[46, 0.0]"
"(20, 13, 0)","[47, 0.0]"
"(29, 13, 0)","[48, -1.0]"
"(29, 29, 0)","[64, -1.0]"
"(28, 31, 1)","[67, 0.0]"
"(12, 29, 1)","[71, 1.0]"
"(12, 30, 1)","[70, 1.0]"
"(11, 29, 1)","[72, 1.0]"
"(12, 28, 1)","[72, 1.0]"
"(12, 27, 1)","[75, 1.0]"
"(13, 28, 1)","[73, 1.0]"
"(13, 27, 1)","[74, 1.0]"
"(11, 28, 1)","[73, 1.0]"
"(11, 30, 1)","[71, 1.0]"
"(10, 29, 1)","[73, 1.0]"
"(11, 31, 1)","[72, 0.0]"
"(17, 12, 0)","[53, 0.0]"
"(18, 13, 0)","[51, 0.0]"
"(18, 14, 0)","[52, 0.0]"
"(17, 14, 0)","[53, 0.0]"
"(17, 13, 0)","[52, 0.0]"
"(16, 12, 0)","[52, 0.0]"
"(29, 14, 0)","[53, -1.0]"
"(29, 28, 0)","[63, -1.0]"
"(28, 31, 0)","[63, -1.0]"
"(29, 9, 0)","[42, -1.0]"
"(16, 9, 0)","[47, 0.0]"
"(16, 8, 0)","[48, 0.0]"
"(19, 8, 0)","[43, 0.0]"
"(16, 13, 0)","[53, 0.0]"
"(16, 14, 0)","[54, 0.0]"
"(19, 13, 0)","[48, 0.0]"
"(18, 15, 0)","[53, -1.0]"
"(13, 26, 1)","[75, 1.0]"
"(12, 26, 1)","[78, 1.0]"
"(12, 25, 1)","[81, 1.0]"
"(11, 26, 1)","[77, 1.0]"
"(10, 26, 1)","[78, 1.0]"
"(9, 26, 1)","[81, 1.0]"
"(10, 27, 1)","[77, 1.0]"
"(9, 27, 1)","[82, 1.0]"
"(11, 27, 1)","[76, 1.0]"
"(11, 25, 1)","[82, 1.0]"
"(10, 25, 1)","[81, 1.0]"
"(11, 24, 1)","[83, 1.0]"
"(12, 24, 1)","[82, 1.0]"
"(11, 23, 1)","[84, 1.0]"
"(10, 24, 1)","[82, 1.0]"
"(9, 24, 1)","[83, 1.0]"
"(12, 23, 1)","[83, 0.0]"
"(17, 16, 1)","[77, 1.0]"
"(18, 16, 1)","[82, 0.0]"
"(16, 20, 1)","[72, 1.0]"
"(15, 20, 1)","[73, 1.0]"
"(15, 21, 1)","[74, 1.0]"
"(15, 22, 1)","[73, 1.0]"
"(14, 21, 1)","[79, 1.0]"
"(14, 20, 1)","[80, 1.0]"
"(15, 19, 1)","[76, 1.0]"
"(14, 19, 1)","[77, 1.0]"
"(13, 20, 1)","[81, 1.0]"
"(13, 19, 1)","[78, 1.0]"
"(13, 18, 1)","[79, 1.0]"
"(12, 18, 1)","[82, 1.0]"
"(12, 17, 1)","[83, 1.0]"
"(12, 19, 1)","[81, 1.0]"
"(12, 20, 1)","[82, 1.0]"
"(12, 21, 1)","[83, 1.0]"
"(11, 21, 1)","[84, 1.0]"
"(11, 22, 1)","[85, 1.0]"
"(12, 22, 1)","[84, 1.0]"
"(13, 24, 1)","[81, 1.0]"
"(13, 25, 1)","[78, 1.0]"
"(17, 8, 0)","[47, 0.0]"
"(15, 8, 0)","[51, 0.0]"
"(29, 30, 0)","[63, -1.0]"
"(9, 25, 1)","[82, 1.0]"
"(18, 8, 0)","[44, 0.0]"
"(13, 21, 1)","[82, 1.0]"
"(11, 20, 1)","[83, 1.0]"
"(10, 23, 1)","[87, 1.0]"
"(9, 23, 1)","[84, 0.0]"
"(8, 26, 1)","[82, 1.0]"
"(8, 27, 1)","[83, 1.0]"
"(8, 28, 1)","[78, 1.0]"
"(9, 28, 1)","[77, 1.0]"
"(10, 22, 1)","[86, 1.0]"
"(9, 22, 1)","[87, 1.0]"
"(10, 28, 1)","[76, 1.0]"
"(18, 9, 0)","[45, 0.0]"
"(11, 17, 1)","[84, 1.0]"
"(11, 18, 1)","[83, 1.0]"
"(10, 18, 1)","[84, 1.0]"
"(9, 18, 1)","[85, 1.0]"
"(9, 19, 1)","[86, 1.0]"
"(8, 19, 1)","[89, 1.0]"
"(7, 19, 1)","[92, 0.0]"
"(15, 13, 0)","[54, 0.0]"
"(13, 23, 1)","[78, 0.0]"
"(14, 18, 1)","[82, 1.0]"
"(15, 18, 1)","[81, 1.0]"
"(16, 17, 1)","[79, 1.0]"
"(15, 17, 1)","[80, 1.0]"
"(13, 17, 1)","[82, 1.0]"
"(14, 17, 1)","[81, 1.0]"
"(16, 21, 1)","[71, 1.0]"
"(7, 27, 1)","[82, 1.0]"
"(7, 26, 1)","[85, 1.0]"
"(6, 27, 1)","[87, 1.0]"
"(6, 26, 1)","[86, 1.0]"
"(8, 25, 1)","[83, 1.0]"
"(7, 25, 1)","[84, 1.0]"
"(8, 24, 1)","[86, 1.0]"
"(10, 30, 1)","[72, 1.0]"
"(10, 31, 1)","[75, 0.0]"
"(6, 28, 1)","[84, 1.0]"
"(5, 28, 1)","[85, 1.0]"
"(4, 28, 1)","[86, 1.0]"
"(4, 27, 1)","[89, 1.0]"
"(4, 26, 1)","[90, 1.0]"
"(5, 26, 1)","[91, 1.0]"
"(5, 27, 1)","[88, 1.0]"
"(8, 29, 1)","[81, 1.0]"
"(7, 29, 1)","[82, 1.0]"
"(6, 29, 1)","[83, 1.0]"
"(6, 30, 1)","[84, 1.0]"
"(7, 30, 1)","[83, 1.0]"
"(7, 31, 1)","[84, 0.0]"
"(8, 30, 1)","[82, 1.0]"
"(5, 29, 1)","[84, 1.0]"
"(3, 28, 1)","[87, 1.0]"
"(2, 28, 1)","[94, 1.0]"
"(3, 29, 1)","[88, 1.0]"
"(4, 29, 1)","[91, 1.0]"
"(4, 30, 1)","[86, 1.0]"
"(7, 28, 1)","[79, 1.0]"
"(6, 25, 1)","[87, 1.0]"
"(6, 24, 1)","[90, 1.0]"
"(6, 23, 1)","[91, 0.0]"
"(10, 17, 1)","[85, 1.0]"
"(11, 19, 1)","[82, 1.0]"
"(10, 19, 1)","[83, 1.0]"
"(9, 17, 1)","[86, 1.0]"
"(8, 17, 1)","[89, 1.0]"
"(9, 20, 1)","[85, 1.0]"
"(8, 20, 1)","[86, 1.0]"
"(13, 22, 1)","[77, 1.0]"
"(9, 30, 1)","[73, 1.0]"
"(9, 29, 1)","[74, 1.0]"
"(5, 30, 1)","[85, 1.0]"
"(5, 31, 1)","[92, 0.0]"
"(15, 16, 1)","[81, 1.0]"
"(16, 16, 1)","[78, 1.0]"
"(16, 15, 1)","[79, 0.0]"
"(9, 31, 1)","[76, 0.0]"
"(5, 25, 1)","[88, 1.0]"
"(4, 25, 1)","[91, 1.0]"
"(4, 24, 1)","[92, 1.0]"
"(3, 25, 1)","[92, 1.0]"
"(2, 25, 1)","[93, 1.0]"
"(2, 26, 1)","[92, 1.0]"
"(3, 26, 1)","[91, 1.0]"
"(2, 27, 1)","[93, 1.0]"
"(2, 29, 1)","[93, 1.0]"
"(1, 29, 1)","[96, 1.0]"
"(0, 29, 1)","[101, 0.0]"
"(14, 22, 1)","[76, 1.0]"
"(10, 21, 1)","[85, 1.0]"
"(8, 18, 1)","[88, 1.0]"
"(7, 17, 1)","[92, 1.0]"
"(11, 16, 1)","[85, 1.0]"
"(14, 23, 1)","[83, 0.0]"
"(3, 30, 1)","[89, 1.0]"
"(2, 30, 1)","[92, 1.0]"
"(1, 30, 1)","[95, 1.0]"
"(1, 28, 1)","[95, 1.0]"
"(0, 28, 1)","[100, 0.0]"
"(5, 24, 1)","[91, 1.0]"
"(3, 24, 1)","[93, 1.0]"
"(2, 24, 1)","[94, 1.0]"
"(2, 23, 1)","[95, 0.0]"
"(3, 27, 1)","[92, 1.0]"
"(3, 31, 1)","[92, 0.0]"
"(5, 23, 1)","[94, 0.0]"
"(14, 16, 1)","[82, 1.0]"
"(15, 15, 1)","[82, 0.0]"
"(7, 24, 1)","[87, 0.0]"
"(15, 14, 0)","[57, 0.0]"
"(3, 23, 1)","[94, 1.0]"
"(4, 23, 1)","[93, 1.0]"
"(0, 30, 1)","[96, 0.0]"
"(8, 31, 1)","[83, 0.0]"
"(4, 31, 1)","[91, 0.0]"
"(17, 15, 1)","[82, 0.0]"
"(10, 20, 1)","[84, 1.0]"
"(7, 20, 1)","[91, 0.0]"
"(6, 31, 1)","[85, 0.0]"
"(15, 9, 0)","[50, 0.0]"
"(1, 26, 1)","[93, 1.0]"
"(1, 27, 1)","[96, 1.0]"
"(0, 27, 1)","[97, 0.0]"
"(3, 22, 1)","[101, 1.0]"
"(2, 22, 1)","[102, 1.0]"
"(10, 16, 1)","[86, 1.0]"
"(10, 15, 1)","[91, 1.0]"
"(12, 16, 1)","[86, 1.0]"
"(12, 15, 1)","[87, 1.0]"
"(12, 14, 1)","[92, 1.0]"
"(12, 13, 1)","[93, 1.0]"
"(13, 13, 1)","[94, 1.0]"
"(14, 13, 1)","[95, 0.0]"
"(11, 15, 1)","[88, 1.0]"
"(11, 14, 1)","[91, 1.0]"
"(11, 13, 1)","[92, 1.0]"
"(12, 12, 1)","[94, 1.0]"
"(11, 12, 1)","[93, 1.0]"
"(11, 11, 1)","[100, 1.0]"
"(11, 10, 1)","[101, 1.0]"
"(11, 9, 1)","[102, 1.0]"
"(10, 9, 1)","[101, 1.0]"
"(10, 10, 1)","[98, 1.0]"
"(10, 11, 1)","[97, 1.0]"
"(12, 10, 1)","[102, 1.0]"
"(13, 10, 1)","[97, 1.0]"
"(14, 10, 1)","[102, 0.0]"
"(10, 14, 1)","[92, 1.0]"
"(10, 13, 1)","[93, 1.0]"
"(9, 14, 1)","[93, 1.0]"
"(9, 15, 1)","[90, 0.0]"
"(13, 16, 1)","[83, 1.0]"
"(9, 21, 1)","[86, 1.0]"
"(8, 21, 1)","[89, 1.0]"
"(8, 22, 1)","[90, 1.0]"
"(9, 16, 1)","[89, 1.0]"
"(1, 31, 1)","[98, 0.0]"
"(13, 14, 1)","[93, 1.0]"
"(13, 15, 1)","[86, 0.0]"
"(8, 14, 1)","[96, 1.0]"
"(8, 13, 1)","[95, 1.0]"
"(8, 12, 1)","[96, 1.0]"
"(9, 13, 1)","[94, 1.0]"
"(9, 12, 1)","[95, 1.0]"
"(9, 11, 1)","[98, 1.0]"
"(9, 10, 1)","[99, 1.0]"
"(8, 10, 1)","[102, 1.0]"
"(8, 9, 1)","[103, 1.0]"
"(8, 11, 1)","[97, 1.0]"
"(7, 11, 1)","[102, 1.0]"
"(9, 9, 1)","[102, 1.0]"
"(9, 8, 1)","[103, 1.0]"
"(10, 8, 1)","[102, 1.0]"
"(11, 8, 1)","[103, 1.0]"
"(12, 8, 1)","[104, 1.0]"
"(12, 7, 1)","[105, 0.0]"
"(1, 25, 1)","[94, 1.0]"
"(1, 24, 1)","[95, 1.0]"
"(1, 23, 1)","[96, 0.0]"
"(2, 31, 1)","[93, 0.0]"
"(7, 21, 1)","[92, 1.0]"
"(7, 22, 1)","[91, 1.0]"
"(8, 23, 1)","[89, 0.0]"
"(12, 31, 1)","[71, 0.0]"
"(14, 14, 1)","[96, 0.0]"
"(6, 22, 1)","[92, 1.0]"
"(0, 26, 1)","[98, 0.0]"
"(6, 21, 1)","[93, 1.0]"
"(6, 20, 1)","[94, 1.0]"
"(6, 19, 1)","[95, 1.0]"
"(6, 18, 1)","[92, 1.0]"
"(5, 20, 1)","[95, 1.0]"
"(5, 21, 1)","[94, 1.0]"
"(5, 22, 1)","[93, 1.0]"
"(4, 22, 1)","[94, 1.0]"
"(5, 18, 1)","[93, 1.0]"
"(5, 17, 1)","[94, 1.0]"
"(4, 18, 1)","[94, 1.0]"
"(4, 19, 1)","[95, 1.0]"
"(4, 20, 1)","[96, 1.0]"
"(4, 21, 1)","[95, 1.0]"
"(7, 13, 1)","[100, 1.0]"
"(7, 14, 1)","[101, 1.0]"
"(6, 14, 1)","[102, 1.0]"
"(5, 14, 1)","[103, 1.0]"
"(4, 14, 1)","[108, 1.0]"
"(4, 13, 1)","[103, 1.0]"
"(3, 14, 1)","[109, 1.0]"
"(2, 14, 1)","[110, 1.0]"
"(2, 13, 1)","[111, 1.0]"
"(3, 13, 1)","[104, 1.0]"
"(2, 12, 1)","[108, 1.0]"
"(3, 12, 1)","[107, 1.0]"
"(3, 11, 1)","[108, 1.0]"
"(4, 11, 1)","[105, 1.0]"
"(3, 10, 1)","[111, 1.0]"
"(4, 10, 1)","[106, 1.0]"
"(4, 9, 1)","[109, 1.0]"
"(4, 8, 1)","[110, 1.0]"
"(5, 8, 1)","[107, 1.0]"
"(4, 7, 1)","[111, 1.0]"
"(4, 6, 1)","[112, 1.0]"
"(3, 7, 1)","[112, 1.0]"
"(2, 7, 1)","[113, 0.0]"
"(9, 7, 1)","[104, 1.0]"
"(8, 7, 1)","[105, 0.0]"
"(0, 25, 1)","[97, 0.0]"
"(5, 9, 1)","[108, 1.0]"
"(5, 10, 1)","[105, 1.0]"
"(6, 10, 1)","[104, 1.0]"
"(7, 10, 1)","[103, 1.0]"
"(6, 13, 1)","[101, 1.0]"
"(5, 13, 1)","[102, 1.0]"
"(4, 15, 1)","[99, 0.0]"
"(5, 19, 1)","[96, 1.0]"
"(3, 20, 1)","[97, 1.0]"
"(2, 20, 1)","[102, 1.0]"
"(1, 20, 1)","[103, 1.0]"
"(0, 20, 1)","[104, 0.0]"
"(2, 19, 1)","[101, 1.0]"
"(2, 21, 1)","[101, 1.0]"
"(3, 21, 1)","[98, 1.0]"
"(1, 19, 1)","[102, 1.0]"
"(1, 22, 1)","[103, 1.0]"
"(7, 18, 1)","[91, 1.0]"
"(7, 23, 1)","[92, 0.0]"
"(12, 9, 1)","[103, 1.0]"
"(13, 9, 1)","[98, 1.0]"
"(14, 9, 1)","[99, 0.0]"
"(14, 15, 1)","[85, 0.0]"
"(4, 12, 1)","[106, 1.0]"
"(5, 11, 1)","[104, 1.0]"
"(6, 11, 1)","[103, 1.0]"
"(6, 9, 1)","[105, 1.0]"
"(7, 12, 1)","[101, 1.0]"
"(5, 12, 1)","[103, 1.0]"
"(6, 12, 1)","[102, 1.0]"
"(6, 15, 1)","[97, 0.0]"
"(6, 8, 1)","[106, 1.0]"
"(7, 8, 1)","[105, 1.0]"
"(7, 9, 1)","[104, 1.0]"
"(10, 12, 1)","[94, 1.0]"
"(2, 10, 1)","[112, 1.0]"
"(2, 9, 1)","[113, 1.0]"
"(2, 11, 1)","[111, 1.0]"
"(1, 12, 1)","[113, 1.0]"
"(3, 15, 1)","[102, 0.0]"
"(2, 8, 1)","[112, 1.0]"
"(3, 8, 1)","[111, 1.0]"
"(1, 8, 1)","[113, 1.0]"
"(1, 9, 1)","[114, 1.0]"
"(0, 8, 1)","[116, 0.0]"
"(12, 11, 1)","[99, 1.0]"
"(13, 11, 1)","[96, 1.0]"
"(13, 12, 1)","[95, 1.0]"
"(4, 17, 1)","[97, 1.0]"
"(3, 19, 1)","[96, 1.0]"
"(3, 17, 1)","[98, 1.0]"
"(4, 16, 1)","[98, 1.0]"
"(5, 16, 1)","[95, 1.0]"
"(6, 16, 1)","[94, 1.0]"
"(8, 8, 1)","[104, 1.0]"
"(10, 7, 1)","[103, 1.0]"
"(10, 6, 1)","[108, 1.0]"
"(11, 6, 1)","[105, 1.0]"
"(11, 7, 1)","[104, 1.0]"
"(3, 9, 1)","[112, 1.0]"
"(6, 7, 1)","[111, 0.0]"
"(1, 13, 1)","[112, 1.0]"
"(0, 13, 1)","[113, 0.0]"
"(9, 6, 1)","[109, 1.0]"
"(0, 24, 1)","[100, 0.0]"
"(7, 15, 1)","[94, 0.0]"
"(4, 5, 1)","[117, 1.0]"
"(5, 5, 1)","[114, 1.0]"
"(5, 4, 1)","[115, 1.0]"
"(5, 6, 1)","[113, 1.0]"
"(6, 5, 1)","[113, 1.0]"
"(6, 4, 1)","[114, 1.0]"
"(7, 4, 1)","[113, 1.0]"
"(8, 4, 1)","[112, 1.0]"
"(9, 4, 1)","[113, 1.0]"
"(9, 5, 1)","[112, 1.0]"
"(10, 5, 1)","[111, 1.0]"
"(11, 5, 1)","[112, 1.0]"
"(12, 5, 1)","[113, 1.0]"
"(12, 6, 1)","[106, 1.0]"
"(3, 18, 1)","[97, 1.0]"
"(2, 18, 1)","[100, 1.0]"
"(3, 16, 1)","[101, 1.0]"
"(5, 15, 1)","[102, 0.0]"
"(8, 15, 1)","[93, 0.0]"
"(12, 4, 1)","[114, 1.0]"
"(11, 4, 1)","[113, 1.0]"
"(12, 3, 1)","[115, 1.0]"
"(11, 3, 1)","[114, 1.0]"
"(10, 3, 1)","[113, 1.0]"
"(10, 4, 1)","[112, 1.0]"
"(12, 2, 1)","[116, 1.0]"
"(11, 2, 1)","[115, 1.0]"
"(9, 3, 1)","[114, 1.0]"
"(13, 5, 1)","[114, 1.0]"
"(13, 4, 1)","[115, 1.0]"
"(7, 7, 1)","[106, 0.0]"
"(8, 16, 1)","[92, 1.0]"
"(1, 10, 1)","[113, 1.0]"
"(1, 7, 1)","[118, 0.0]"
"(6, 3, 1)","[119, 1.0]"
"(7, 3, 1)","[114, 0.0]"
"(5, 7, 1)","[108, 0.0]"
"(6, 17, 1)","[93, 1.0]"
"(7, 16, 1)","[93, 1.0]"
"(1, 11, 1)","[112, 1.0]"
"(4, 4, 1)","[116, 1.0]"
"(5, 3, 1)","[122, 1.0]"
"(5, 2, 1)","[121, 1.0]"
"(4, 2, 1)","[122, 1.0]"
"(5, 1, 1)","[122, 1.0]"
"(4, 1, 1)","[123, 1.0]"
"(6, 2, 1)","[120, 1.0]"
"(7, 2, 1)","[119, 0.0]"
"(1, 14, 1)","[111, 1.0]"
"(0, 14, 1)","[112, 0.0]"
"(14, 12, 1)","[102, 0.0]"
"(0, 11, 1)","[117, 0.0]"
"(1, 18, 1)","[101, 1.0]"
"(0, 19, 1)","[103, 0.0]"
"(13, 8, 1)","[103, 1.0]"
"(14, 11, 1)","[101, 0.0]"
"(8, 3, 1)","[113, 1.0]"
"(3, 6, 1)","[113, 1.0]"
"(3, 5, 1)","[114, 1.0]"
"(3, 4, 1)","[117, 1.0]"
"(2, 4, 1)","[116, 1.0]"
"(1, 4, 1)","[117, 1.0]"
"(6, 6, 1)","[112, 1.0]"
"(2, 5, 1)","[115, 1.0]"
"(1, 5, 1)","[118, 1.0]"
"(1, 6, 1)","[117, 1.0]"
"(1, 17, 1)","[102, 1.0]"
"(1, 21, 1)","[102, 1.0]"
"(2, 16, 1)","[102, 1.0]"
"(1, 16, 1)","[103, 1.0]"
"(2, 17, 1)","[101, 1.0]"
"(5, 0, 1)","[123, 0.0]"
"(0, 10, 1)","[114, 0.0]"
"(0, 18, 1)","[102, 0.0]"
"(3, 2, 1)","[125, 1.0]"
"(2, 2, 1)","[124, 1.0]"
"(3, 3, 1)","[122, 1.0]"
"(2, 3, 1)","[123, 1.0]"
"(1, 3, 1)","[118, 1.0]"
"(0, 3, 1)","[119, 0.0]"
"(0, 17, 1)","[103, 0.0]"
"(6, 1, 1)","[121, 1.0]"
"(7, 1, 1)","[122, 0.0]"
"(13, 3, 1)","[118, 1.0]"
"(14, 4, 1)","[120, 1.0]"
"(15, 4, 1)","[121, 1.0]"
"(14, 5, 1)","[117, 1.0]"
"(15, 5, 1)","[118, 1.0]"
"(14, 3, 1)","[119, 0.0]"
"(1, 15, 1)","[104, 0.0]"
"(2, 15, 1)","[103, 0.0]"
"(3, 1, 1)","[124, 1.0]"
"(3, 0, 1)","[129, 0.0]"
"(0, 16, 1)","[106, 0.0]"
"(0, 21, 1)","[105, 0.0]"
"(0, 12, 1)","[114, 0.0]"
"(10, 2, 1)","[116, 1.0]"
"(9, 2, 1)","[117, 1.0]"
"(8, 2, 1)","[118, 1.0]"
"(0, 22, 1)","[106, 0.0]"
"(13, 6, 1)","[113, 1.0]"
"(13, 7, 1)","[104, 0.0]"
"(8, 5, 1)","[111, 1.0]"
"(8, 6, 1)","[110, 1.0]"
"(1, 2, 1)","[125, 1.0]"
"(1, 1, 1)","[126, 1.0]"
"(2, 1, 1)","[125, 1.0]"
"(2, 0, 1)","[132, 0.0]"
"(15, 3, 1)","[122, 1.0]"
"(14, 8, 1)","[106, 0.0]"
"(13, 2, 1)","[121, 1.0]"
"(12, 1, 1)","[121, 1.0]"
"(13, 1, 1)","[122, 1.0]"
"(11, 1, 1)","[122, 1.0]"
"(10, 1, 1)","[121, 1.0]"
"(10, 0, 1)","[122, 0.0]"
"(4, 3, 1)","[123, 1.0]"
"(16, 4, 1)","[122, 1.0]"
"(16, 3, 1)","[123, 1.0]"
"(17, 4, 1)","[127, 1.0]"
"(18, 4, 1)","[128, 1.0]"
"(18, 5, 1)","[127, 1.0]"
"(18, 6, 1)","[126, 1.0]"
"(19, 6, 1)","[129, 1.0]"
"(19, 5, 1)","[128, 1.0]"
"(19, 4, 1)","[129, 1.0]"
"(19, 7, 1)","[132, 0.0]"
"(18, 7, 1)","[133, 0.0]"
"(17, 6, 1)","[125, 1.0]"
"(20, 6, 1)","[132, 1.0]"
"(21, 6, 1)","[135, 1.0]"
"(21, 5, 1)","[132, 1.0]"
"(21, 4, 1)","[133, 1.0]"
"(21, 3, 1)","[134, 1.0]"
"(21, 2, 1)","[137, 1.0]"
"(20, 2, 1)","[134, 1.0]"
"(22, 2, 1)","[138, 1.0]"
"(22, 3, 1)","[137, 1.0]"
"(22, 4, 1)","[134, 1.0]"
"(22, 1, 1)","[137, 1.0]"
"(22, 0, 1)","[142, 0.0]"
"(12, 0, 1)","[122, 0.0]"
"(2, 6, 1)","[114, 1.0]"
"(8, 1, 1)","[121, 1.0]"
"(9, 1, 1)","[122, 1.0]"
"(8, 0, 1)","[122, 0.0]"
"(20, 1, 1)","[135, 1.0]"
"(21, 1, 1)","[136, 1.0]"
"(19, 1, 1)","[132, 1.0]"
"(19, 0, 1)","[133, 0.0]"
"(7, 5, 1)","[112, 1.0]"
"(7, 6, 1)","[111, 1.0]"
"(14, 6, 1)","[116, 0.0]"
"(16, 5, 1)","[123, 1.0]"
"(16, 6, 1)","[124, 1.0]"
"(15, 6, 1)","[119, 1.0]"
"(16, 7, 1)","[125, 0.0]"
"(17, 5, 1)","[124, 1.0]"
"(23, 4, 1)","[141, 1.0]"
"(23, 1, 1)","[142, 0.0]"
"(0, 5, 1)","[123, 0.0]"
"(20, 3, 1)","[133, 1.0]"
"(19, 3, 1)","[132, 1.0]"
"(20, 4, 1)","[132, 1.0]"
"(19, 2, 1)","[133, 1.0]"
"(18, 2, 1)","[132, 1.0]"
"(17, 2, 1)","[131, 1.0]"
"(17, 1, 1)","[130, 1.0]"
"(17, 0, 1)","[131, 0.0]"
"(17, 3, 1)","[126, 1.0]"
"(9, 0, 1)","[123, 0.0]"
"(13, 0, 1)","[123, 0.0]"
"(20, 5, 1)","[131, 1.0]"
"(20, 7, 1)","[133, 0.0]"
"(0, 4, 1)","[124, 0.0]"
"(14, 2, 1)","[122, 0.0]"
"(0, 2, 1)","[132, 0.0]"
"(18, 3, 1)","[133, 1.0]"
"(17, 7, 1)","[130, 0.0]"
"(15, 7, 1)","[124, 0.0]"
"(0, 9, 1)","[115, 0.0]"
"(23, 5, 1)","[138, 1.0]"
"(24, 5, 1)","[141, 1.0]"
"(23, 3, 1)","[140, 0.0]"
"(1, 0, 1)","[131, 0.0]"
"(18, 1, 1)","[131, 1.0]"
"(15, 2, 1)","[123, 1.0]"
"(15, 1, 1)","[126, 1.0]"
"(15, 0, 1)","[129, 0.0]"
"(16, 2, 1)","[124, 1.0]"
"(16, 1, 1)","[127, 1.0]"
"(6, 0, 1)","[122, 0.0]"
"(21, 0, 1)","[139, 0.0]"
"(14, 1, 1)","[123, 0.0]"
"(4, 0, 1)","[124, 0.0]"
"(11, 0, 1)","[123, 0.0]"
"(22, 5, 1)","[133, 1.0]"
"(23, 6, 1)","[141, 1.0]"
"(24, 4, 1)","[142, 1.0]"
"(25, 4, 1)","[143, 1.0]"
"(25, 3, 1)","[144, 1.0]"
"(25, 2, 1)","[147, 1.0]"
"(26, 4, 1)","[144, 1.0]"
"(26, 5, 1)","[143, 1.0]"
"(25, 5, 1)","[142, 1.0]"
"(24, 3, 1)","[143, 1.0]"
"(24, 2, 1)","[146, 1.0]"
"(23, 2, 1)","[139, 0.0]"
"(18, 0, 1)","[132, 0.0]"
"(20, 0, 1)","[140, 0.0]"
"(22, 6, 1)","[136, 1.0]"
"(21, 7, 1)","[142, 0.0]"
"(23, 7, 1)","[142, 0.0]"
"(22, 7, 1)","[141, 0.0]"
"(24, 6, 1)","[142, 1.0]"
"(25, 6, 1)","[143, 1.0]"
"(25, 7, 1)","[144, 1.0]"
"(26, 7, 1)","[147, 1.0]"
"(26, 8, 1)","[150, 1.0]"
"(27, 8, 1)","[149, 1.0]"
"(27, 7, 1)","[148, 1.0]"
"(27, 6, 1)","[147, 1.0]"
"(28, 6, 1)","[146, 1.0]"
"(28, 5, 1)","[145, 1.0]"
"(27, 5, 1)","[144, 1.0]"
"(26, 3, 1)","[147, 1.0]"
"(26, 2, 1)","[148, 1.0]"
"(28, 4, 1)","[154, 1.0]"
"(27, 4, 1)","[145, 1.0]"
"(29, 4, 1)","[155, 0.0]"
"(26, 6, 1)","[144, 1.0]"
"(25, 8, 1)","[145, 1.0]"
"(27, 9, 1)","[152, 1.0]"
"(28, 9, 1)","[151, 1.0]"
"(29, 9, 1)","[154, 0.0]"
"(24, 7, 1)","[143, 1.0]"
"(0, 6, 1)","[122, 0.0]"
"(26, 1, 1)","[149, 1.0]"
"(26, 0, 1)","[150, 0.0]"
"(27, 3, 1)","[148, 1.0]"
"(27, 2, 1)","[151, 1.0]"
"(27, 1, 1)","[150, 1.0]"
"(27, 0, 1)","[151, 0.0]"
"(26, 9, 1)","[151, 1.0]"
"(25, 9, 1)","[152, 1.0]"
"(26, 10, 1)","[152, 1.0]"
"(25, 10, 1)","[153, 1.0]"
"(26, 11, 1)","[155, 1.0]"
"(27, 11, 1)","[154, 1.0]"
"(28, 11, 1)","[155, 1.0]"
"(28, 12, 1)","[156, 1.0]"
"(28, 13, 1)","[157, 1.0]"
"(29, 13, 1)","[158, 0.0]"
"(25, 1, 1)","[148, 1.0]"
"(24, 1, 1)","[149, 1.0]"
"(0, 1, 1)","[127, 0.0]"
"(28, 7, 1)","[151, 1.0]"
"(28, 8, 1)","[150, 1.0]"
"(29, 5, 1)","[154, 0.0]"
"(24, 9, 1)","[153, 1.0]"
"(24, 8, 1)","[144, 1.0]"
"(25, 0, 1)","[151, 0.0]"
"(27, 10, 1)","[153, 1.0]"
"(28, 10, 1)","[152, 1.0]"
"(29, 8, 1)","[151, 0.0]"
"(24, 10, 1)","[154, 1.0]"
"(24, 11, 1)","[155, 1.0]"
"(23, 10, 1)","[157, 1.0]"
"(22, 10, 1)","[156, 2.0]"
"(28, 3, 1)","[149, 1.0]"
"(29, 3, 1)","[150, 0.0]"
"(28, 14, 1)","[162, 1.0]"
"(27, 14, 1)","[163, 1.0]"
"(28, 2, 1)","[152, 1.0]"
"(29, 7, 1)","[152, 0.0]"
"(23, 8, 1)","[153, 1.0]"
"(25, 11, 1)","[156, 1.0]"
"(23, 11, 1)","[158, 1.0]"
"(23, 12, 1)","[161, 1.0]"
"(23, 13, 1)","[162, 1.0]"
"(23, 14, 1)","[163, 1.0]"
"(23, 9, 1)","[156, 1.0]"
"(25, 12, 1)","[157, 1.0]"
"(24, 12, 1)","[158, 1.0]"
"(22, 12, 1)","[162, 1.0]"
"(21, 12, 1)","[163, 1.0]"
"(21, 11, 1)","[162, 1.0]"
"(20, 12, 1)","[164, 1.0]"
"(20, 13, 1)","[165, 1.0]"
"(20, 14, 1)","[166, 1.0]"
"(21, 14, 1)","[165, 1.0]"
"(22, 14, 1)","[164, 1.0]"
"(29, 10, 1)","[153, 0.0]"
"(29, 11, 1)","[162, 0.0]"
"(19, 12, 1)","[165, 1.0]"
"(18, 12, 1)","[168, 1.0]"
"(18, 11, 1)","[169, 1.0]"
"(18, 10, 1)","[170, 1.0]"
"(17, 11, 1)","[172, 1.0]"
"(16, 11, 1)","[171, 1.0]"
"(16, 12, 1)","[170, 1.0]"
"(15, 11, 1)","[172, 1.0]"
"(15, 12, 1)","[171, 1.0]"
"(15, 13, 1)","[176, 1.0]"
"(17, 12, 1)","[169, 1.0]"
"(29, 6, 1)","[153, 0.0]"
"(19, 11, 1)","[164, 1.0]"
"(17, 10, 1)","[171, 1.0]"
"(19, 13, 1)","[166, 1.0]"
"(19, 14, 1)","[171, 1.0]"
"(27, 12, 1)","[155, 1.0]"
"(27, 13, 1)","[162, 1.0]"
"(16, 0, 1)","[128, 0.0]"
"(22, 9, 1)","[155, 1.0]"
"(22, 8, 1)","[154, 1.0]"
"(19, 10, 1)","[165, 1.0]"
"(19, 9, 1)","[164, 1.0]"
"(17, 13, 1)","[172, 1.0]"
"(16, 13, 1)","[171, 1.0]"
"(18, 13, 1)","[167, 1.0]"
"(24, 13, 1)","[161, 1.0]"
"(24, 14, 1)","[162, 1.0]"
"(29, 2, 1)","[155, 0.0]"
"(26, 12, 1)","[158, 1.0]"
"(22, 11, 1)","[161, 1.0]"
"(21, 10, 1)","[163, 1.0]"
"(25, 13, 1)","[160, 1.0]"
"(25, 14, 1)","[161, 1.0]"
"(26, 13, 1)","[161, 1.0]"
"(29, 14, 1)","[163, 0.0]"
"(26, 14, 1)","[162, 1.0]"
"(16, 10, 1)","[172, 1.0]"
"(17, 9, 1)","[172, 1.0]"
"(18, 9, 1)","[167, 1.0]"
"(20, 11, 1)","[163, 1.0]"
"(21, 13, 1)","[164, 1.0]"
"(22, 13, 1)","[163, 1.0]"
"(20, 10, 1)","[164, 1.0]"
"(18, 14, 1)","[172, 1.0]"
"(18, 15, 1)","[173, 0.0]"
"(21, 9, 1)","[158, 1.0]"
"(18, 8, 1)","[164, 1.0]"
"(19, 8, 1)","[163, 1.0]"
"(20, 8, 1)","[162, 1.0]"
"(21, 8, 1)","[161, 1.0]"
"(20, 9, 1)","[163, 1.0]"
"(17, 8, 1)","[171, 1.0]"
"(16, 8, 1)","[174, 1.0]"
"(16, 9, 1)","[173, 1.0]"
"(15, 9, 1)","[176, 1.0]"
"(15, 8, 1)","[179, 1.0]"
"(29, 12, 1)","[157, 0.0]"
"(15, 10, 1)","[173, 1.0]"
"(24, 0, 1)","[150, 0.0]"
"(28, 1, 1)","[151, 1.0]"
"(28, 0, 1)","[152, 0.0]"
"(17, 14, 1)","[173, 1.0]"
"(15, 14, 1)","[177, 1.0]"
"(29, 1, 1)","[152, 0.0]"
"(16, 14, 1)","[172, 1.0]"
